Workbook
Name base_retornos_acoes: Base!$A$5:$D$4925

Sheet Base
D1: Estudo de Caso 2: Retorno de Ativos Financeiros
A2: Bases de Dados: | B2: https://br.financas.yahoo.com
A4: Base Original | F4: Base Transposta
A5: Data | B5: Acao | C5: Empresa | D5: Preço_de_Fechamento | F5: Data | G5: Arezzo&Co | H5: B3 | I5: Klabin | J5: Localiza | K5: Lojas Americanas | L5: Multiplan | M5: Petrobras | N5: Rede Atacadao | O5: SulAmerica | P5: Vale
A6: 44435 | B6: PETR4.SA | C6: Petrobras | D6: 28.49 | F6: 44435 | G6: 92.389999 | H6: 13.94 | I6: 26.719999 | J6: 58.299999 | K6: 5.95 | L6: 21.48 | M6: 28.49 | N6: 18.75 | O6: 29.58 | P6: 100.69
A7: 44435 | B7: LAME4.SA | C7: Lojas Americanas | D7: 5.95 | F7: 44434 | G7: 91.32 | H7: 13.66 | I7: 26.370001 | J7: 55.959999 | K7: 5.95 | L7: 21.07 | M7: 27.49 | N7: 18.450001 | O7: 29.280001 | P7: 98.230003
A8: 44435 | B8: VALE3.SA | C8: Vale | D8: 100.69 | F8: 44433 | G8: 92.629997 | H8: 13.99 | I8: 26.67 | J8: 57.529999 | K8: 5.81 | L8: 21.799999 | M8: 27.73 | N8: 18.889999 | O8: 30 | P8: 99.5
A9: 44435 | B9: CRFB3.SA | C9: Rede Atacadao | D9: 18.75 | F9: 44432 | G9: 91.739998 | H9: 13.9 | I9: 25.67 | J9: 57.049999 | K9: 5.87 | L9: 21.93 | M9: 27.58 | N9: 18.870001 | O9: 30.26 | P9: 99.709999
A10: 44435 | B10: MULT3.SA | C10: Multiplan | D10: 21.48 | F10: 44431 | G10: 90.25 | H10: 13.65 | I10: 25.17 | J10: 56.43 | K10: 5.25 | L10: 21.26 | M10: 27.02 | N10: 18.799999 | O10: 29.32 | P10: 96.199997
A11: 44435 | B11: KLBN11.SA | C11: Klabin | D11: 26.719999 | F11: 44428 | G11: 90.400002 | H11: 14.2 | I11: 24.610001 | J11: 58.73 | K11: 5.59 | L11: 21.700001 | M11: 26.6 | N11: 19.209999 | O11: 29.65 | P11: 97.550003
A12: 44435 | B12: RENT3.SA | C12: Localiza | D12: 58.299999 | F12: 44427 | G12: 89.199997 | H12: 14.18 | I12: 23.9 | J12: 58.139999 | K12: 5.61 | L12: 21.51 | M12: 26.639999 | N12: 18.879999 | O12: 28.5 | P12: 97.510002
A13: 44435 | B13: ARZZ3.SA | C13: Arezzo&Co | D13: 92.389999 | F13: 44426 | G13: 87.800003 | H13: 13.54 | I13: 24.219999 | J13: 55.209999 | K13: 5.41 | L13: 21.32 | M13: 26.790001 | N13: 18.1 | O13: 28.200001 | P13: 103.41
A14: 44435 | B14: SULA11.SA | C14: SulAmerica | D14: 29.58 | F14: 44425 | G14: 87.580002 | H14: 13.82 | I14: 25.190001 | J14: 54.599998 | K14: 5.41 | L14: 21.59 | M14: 27.030001 | N14: 18.110001 | O14: 28.4 | P14: 107
A15: 44435 | B15: B3SA3.SA | C15: B3 | D15: 13.94 | F15: 44424 | G15: 89.699997 | H15: 13.98 | I15: 25.33 | J15: 56.099998 | K15: 5.63 | L15: 22.09 | M15: 28.639999 | N15: 18.559999 | O15: 29 | P15: 108.8
A16: 44434 | B16: PETR4.SA | C16: Petrobras | D16: 27.49 | F16: 44421 | G16: 91.440002 | H16: 14.64 | I16: 25.209999 | J16: 57.450001 | K16: 5.97 | L16: 22.48 | M16: 29.35 | N16: 18.84 | O16: 29.68 | P16: 108.3
A17: 44434 | B17: LAME4.SA | C17: Lojas Americanas | D17: 5.95 | F17: 44420 | G17: 92.779999 | H17: 13.89 | I17: 24.639999 | J17: 58.07 | K17: 6.57 | L17: 22.559999 | M17: 29.1 | N17: 18.950001 | O17: 29.02 | P17: 109.2
... A497: 44365 | B497: LAME4.SA | C497: Lojas Americanas | D497: 21.75 | F497: 43707 | G497: 49.48 | H497: 14.933333 | I497: 15.06 | J497: 44.799999 | K497: 18.666086 | L497: 25.99 | M497: 25.5 | N497: 22.299999 | O497: 44.84446 | P497: 45.57
A498: 44365 | B498: VALE3.SA | C498: Vale | D498: 109.09
A499: 44365 | B499: CRFB3.SA | C499: Rede Atacadao | D499: 22.16
A500: 44365 | B500: MULT3.SA | C500: Multiplan | D500: 25.76
A501: 44365 | B501: KLBN11.SA | C501: Klabin | D501: 25.67
A502: 44365 | B502: RENT3.SA | C502: Localiza | D502: 62.810001
A503: 44365 | B503: ARZZ3.SA | C503: Arezzo&Co | D503: 94.269997
A504: 44365 | B504: SULA11.SA | C504: SulAmerica | D504: 36
A505: 44365 | B505: B3SA3.SA | C505: B3 | D505: 17.379999
A506: 44364 | B506: PETR4.SA | C506: Petrobras | D506: 28.129999
A507: 44364 | B507: LAME4.SA | C507: Lojas Americanas | D507: 22.139999
A508: 44364 | B508: VALE3.SA | C508: Vale | D508: 105.9
A509: 44364 | B509: CRFB3.SA | C509: Rede Atacadao | D509: 21.879999
... A4925: 43707 | B4925: B3SA3.SA | C4925: B3 | D4925: 14.933333

Sheet base pós pandemia
C3: Data | D3: Arezzo&Co | E3: B3 | F3: Klabin | G3: Localiza | H3: Lojas Americanas | I3: Multiplan | J3: Petrobras | K3: Rede Atacadao | L3: SulAmerica | M3: Vale
C4: 44435 | D4: 92.389999 | E4: 13.94 | F4: 26.719999 | G4: 58.299999 | H4: 5.95 | I4: 21.48 | J4: 28.49 | K4: 18.75 | L4: 29.58 | M4: 100.69
C5: 44434 | D5: 91.32 | E5: 13.66 | F5: 26.370001 | G5: 55.959999 | H5: 5.95 | I5: 21.07 | J5: 27.49 | K5: 18.450001 | L5: 29.280001 | M5: 98.230003
C6: 44433 | D6: 92.629997 | E6: 13.99 | F6: 26.67 | G6: 57.529999 | H6: 5.81 | I6: 21.799999 | J6: 27.73 | K6: 18.889999 | L6: 30 | M6: 99.5
C7: 44432 | D7: 91.739998 | E7: 13.9 | F7: 25.67 | G7: 57.049999 | H7: 5.87 | I7: 21.93 | J7: 27.58 | K7: 18.870001 | L7: 30.26 | M7: 99.709999
C8: 44431 | D8: 90.25 | E8: 13.65 | F8: 25.17 | G8: 56.43 | H8: 5.25 | I8: 21.26 | J8: 27.02 | K8: 18.799999 | L8: 29.32 | M8: 96.199997
C9: 44428 | D9: 90.400002 | E9: 14.2 | F9: 24.610001 | G9: 58.73 | H9: 5.59 | I9: 21.700001 | J9: 26.6 | K9: 19.209999 | L9: 29.65 | M9: 97.550003
C10: 44427 | D10: 89.199997 | E10: 14.18 | F10: 23.9 | G10: 58.139999 | H10: 5.61 | I10: 21.51 | J10: 26.639999 | K10: 18.879999 | L10: 28.5 | M10: 97.510002
C11: 44426 | D11: 87.800003 | E11: 13.54 | F11: 24.219999 | G11: 55.209999 | H11: 5.41 | I11: 21.32 | J11: 26.790001 | K11: 18.1 | L11: 28.200001 | M11: 103.41
C12: 44425 | D12: 87.580002 | E12: 13.82 | F12: 25.190001 | G12: 54.599998 | H12: 5.41 | I12: 21.59 | J12: 27.030001 | K12: 18.110001 | L12: 28.4 | M12: 107
C13: 44424 | D13: 89.699997 | E13: 13.98 | F13: 25.33 | G13: 56.099998 | H13: 5.63 | I13: 22.09 | J13: 28.639999 | K13: 18.559999 | L13: 29 | M13: 108.8
C14: 44421 | D14: 91.440002 | E14: 14.64 | F14: 25.209999 | G14: 57.450001 | H14: 5.97 | I14: 22.48 | J14: 29.35 | K14: 18.84 | L14: 29.68 | M14: 108.3
C15: 44420 | D15: 92.779999 | E15: 13.89 | F15: 24.639999 | G15: 58.07 | H15: 6.57 | I15: 22.559999 | J15: 29.1 | K15: 18.950001 | L15: 29.02 | M15: 109.2
... C373: 43892 | D373: 59.849998 | E373: 16.666666 | F373: 20.43 | G373: 49.849998 | H373: 26.590279 | I373: 31.68 | J373: 26.530001 | K373: 21.5 | L373: 48.352417 | M373: 46.360001

Sheet base pré pandemia
B3: Data | C3: Arezzo&Co | D3: B3 | E3: Klabin | F3: Localiza | G3: Lojas Americanas | H3: Multiplan | I3: Petrobras | J3: Rede Atacadao | K3: SulAmerica | L3: Vale
B4: 43889 | C4: 60.099998 | D4: 16 | E4: 19.33 | F4: 49.540001 | G4: 26.54039 | H4: 30.52 | I4: 25.34 | J4: 20.690001 | K4: 48.85223 | L4: 44.310001
B5: 43888 | C5: 59.880001 | D5: 15.346666 | E5: 19.9 | F5: 49.349998 | G5: 25.971666 | H5: 30.690001 | I5: 25.299999 | J5: 19.610001 | K5: 50.879257 | L5: 44.470001
B6: 43882 | C6: 64.209999 | D6: 17.35 | E6: 22.02 | F6: 54.400002 | G6: 28.835236 | H6: 33.799999 | I6: 29.139999 | J6: 21.5 | K6: 55.340561 | L6: 50.130001
B7: 43881 | C7: 65.559998 | D7: 17.436666 | E7: 21.08 | F7: 54.720001 | G7: 26.779852 | H7: 33.599998 | I7: 29.92 | J7: 21.469999 | K7: 55.877399 | L7: 52.200001
B8: 43880 | C8: 65.68 | D8: 17.709999 | E8: 21.219999 | F8: 55.049999 | G8: 27.159 | H8: 34.07 | I8: 30.549999 | J8: 21.799999 | K8: 57.275028 | L8: 52.810001
B9: 43879 | C9: 64.879997 | D9: 17.043333 | E9: 20.99 | F9: 55.299999 | G9: 27.238821 | H9: 33.82 | I9: 29.75 | J9: 22.040001 | K9: 56.312424 | L9: 52.799999
B10: 43878 | C10: 63.82 | D10: 17.23 | E10: 21.08 | F10: 55.23 | G10: 27.43 | H10: 33.200001 | I10: 29.360001 | J10: 22.4 | K10: 56.247635 | L10: 53.41
B11: 43875 | C11: 62.5 | D11: 16.733334 | E11: 21.26 | F11: 55 | G11: 27.120001 | H11: 33.540001 | I11: 29.42 | J11: 21.65 | K11: 56.673401 | L11: 51
B12: 43874 | C12: 63.630001 | D12: 16.526667 | E12: 21.75 | F12: 55.02 | G12: 27.59 | H12: 33.439999 | I12: 29.719999 | J12: 22.02 | K12: 56.867771 | L12: 52.139999
B13: 43873 | C13: 61.799999 | D13: 16.626665 | E13: 21.940001 | F13: 55.48 | G13: 27.290001 | H13: 34 | I13: 30.129999 | J13: 22.139999 | K13: 57.219494 | L13: 53.07
B14: 43872 | C14: 59.689999 | D14: 16.299999 | E14: 20.82 | F14: 54.099998 | G14: 27.110001 | H14: 33.66 | I14: 29.48 | J14: 22.049999 | K14: 56.192097 | L14: 52.049999
B15: 43871 | C15: 58.48 | D15: 16.209999 | E15: 20.530001 | F15: 52.32 | G15: 25.99 | H15: 32.700001 | I15: 29.129999 | J15: 22.15 | K15: 53.720795 | L15: 50.189999
... B125: 43707 | C125: 49.48 | D125: 14.933333 | E125: 15.06 | F125: 44.799999 | G125: 18.666086 | H125: 25.99 | I125: 25.5 | J125: 22.299999 | K125: 44.84446 | L125: 45.57

Sheet metadados
G2: Empresa | H2: Setor
B3: Variável | C3: Informação | G3: Arezzo&Co | H3: Consumo e Varejo
B4: Data | C4: Data de coleta das informações | G4: B3 | H4: Financeiro e outros
B5: Acao | C5: Ticker da ação a qual pertence os dados | G5: Klabin | H5: Papel e Celulose
B6: Empresa | C6: Nome da empresa | G6: Localiza | H6: Transporte e Logística
B7: Preco_de_Fechamento | C7: Preço final de negociação no dia | G7: Lojas Americanas | H7: Consumo e Varejo
G8: Multiplan | H8: Imobiliário e Construção
G9: Petrobras | H9: Petróleo, Gás e Biocombustíveis
G10: Rede Atacadao | H10: Consumo (Comércio e distribuição)
G11: SulAmerica | H11: Previdência e Seguros
G12: Vale | H12: Mineração

Sheet graficos

Sheet tabelas

Sheet tabela - erro
C2: Empresa | D2: Arezzo&Co | G2: B3 | J2: Klabin | M2: Localiza | P2: Lojas Americanas
C3: Preço da ação | D3: pré-pandemia | E3: pós-pandemia | F3: Variação | G3: pré-pandemia | H3: pós-pandemia | I3: Variação | J3: pré-pandemia | K3: pós-pandemia | L3: Variação | M3: pré-pandemia | N3: pós-pandemia | O3: Variação | P3: pré-pandemia | Q3: pós-pandemia | R3: Variação
C4: Mínimo | D4: 47.599998 | E4: 33.029999 | F4: =(E4-D4)/E4 -> -0.44111412 | G4: 14.323333 | H4: 10.15 | I4: =(H4-G4)/H4 -> -0.41116581 | J4: 14.43 | K4: 12.81 | L4: =(K4-J4)/K4 -> -0.1264637 | M4: 39.066666 | N4: 23.309999 | O4: =(N4-M4)/N4 -> -0.67596172 | P4: 17.799055 | Q4: 5.25 | R4: =(Q4-P4)/Q4 -> -2.3902962
C5: Média | D5: 59.038934 | E5: 65.43154 | F5: =(E5-D5)/E5 -> 0.097699156 | G5: 15.610847 | H5: 17.461964 | I5: =(H5-G5)/H5 -> 0.10600853 | J5: 17.841229 | K5: 24.191162 | L5: =(K5-J5)/K5 -> 0.26248977 | M5: 45.437178 | N5: 54.515432 | O5: =(N5-M5)/N5 -> 0.16652633 | P5: 23.107853 | Q5: 23.775286 | R5: =(Q5-P5)/Q5 -> 0.028072538
C6: Máximo | D6: 68.5 | E6: 100.81 | F6: =(E6-D6)/E6 -> 0.3205039 | G6: 17.709999 | H6: 22.466665 | I6: =(H6-G6)/H6 -> 0.21172105 | J6: 22.02 | K6: 31.24 | L6: =(K6-J6)/K6 -> 0.29513444 | M6: 55.52 | N6: 73.93 | O6: =(N6-M6)/N6 -> 0.24901934 | P6: 29.059999 | Q6: 36.517979 | R6: =(Q6-P6)/Q6 -> 0.20422762
C9: Empresa | D9: Multiplan | G9: Petrobras | J9: Rede Atacadao | M9: SulAmerica | P9: Vale
C10: Preço da ação | D10: pré-pandemia | E10: pós-pandemia | F10: Variação | G10: pré-pandemia | H10: pós-pandemia | I10: Variação | J10: pré-pandemia | K10: pós-pandemia | L10: Variação | M10: pré-pandemia | N10: pós-pandemia | O10: Variação | P10: pré-pandemia | Q10: pós-pandemia | R10: Variação
C11: Mínimo | D11: 25.540001 | E11: 17.200001 | F11: =(E11-D11)/E11 -> -0.48488369 | G11: 25.299999 | H11: 11.29 | I11: =(H11-G11)/H11 -> -1.2409211 | J11: 18.02 | K11: 18.02 | L11: =(K11-J11)/K11 -> 0 | M11: 41.123619 | N11: 41.123619 | O11: =(N11-M11)/N11 -> 0 | P11: 44.310001 | Q11: 34.099998 | R11: =(Q11-P11)/Q11 -> -0.2994136
C12: Média | D12: 30.441885 | E12: 22.505297 | F12: =(E12-D12)/E12 -> -0.35265422 | G12: 28.823852 | H12: 23.335054 | I12: =(H12-G12)/H12 -> -0.23521687 | J12: 21.067377 | K12: 21.067377 | L12: =(K12-J12)/K12 -> 0 | M12: 49.915816 | N12: 49.915816 | O12: =(N12-M12)/N12 -> 0 | P12: 50.218115 | Q12: 78.502676 | R12: =(Q12-P12)/Q12 -> 0.3603006
C13: Máximo | D13: 35.52 | E13: 32.240002 | F13: =(E13-D13)/E13 -> -0.1017369 | G13: 30.969999 | H13: 31.120001 | I13: =(H13-G13)/H13 -> 0.0048201155 | J13: 24.549999 | K13: 24.549999 | L13: =(K13-J13)/K13 -> 0 | M13: 62.03252 | N13: 62.03252 | O13: =(N13-M13)/N13 -> 0 | P13: 57.360001 | Q13: 118.72 | R13: =(Q13-P13)/Q13 -> 0.51684636
D18: Arezzo&Co | E18: B3 | F18: Klabin | G18: Localiza | H18: Lojas Americanas | I18: Multiplan | J18: Petrobras | K18: Rede Atacadao | L18: SulAmerica | M18: Vale
C19: Mínimo | D19: =MIN('base pré pandemia'!C$4:C$125) -> 47.599998 | E19: =MIN('base pré pandemia'!D$4:D$125) -> 14.323333 | F19: =MIN('base pré pandemia'!E$4:E$125) -> 14.43 | G19: =MIN('base pré pandemia'!F$4:F$125) -> 39.066666 | H19: =MIN('base pré pandemia'!G$4:G$125) -> 17.799055 | I19: =MIN('base pré pandemia'!H$4:H$125) -> 25.540001 | J19: =MIN('base pré pandemia'!I$4:I$125) -> 25.299999 | K19: =MIN('base pré pandemia'!J$4:J$125) -> 18.02 | ... M19: =MIN('base pré pandemia'!L$4:L$125) -> 44.310001
C20: Média | D20: =AVERAGE('base pré pandemia'!C$4:C$125) -> 59.038934 | E20: =AVERAGE('base pré pandemia'!D$4:D$125) -> 15.610847 | F20: =AVERAGE('base pré pandemia'!E$4:E$125) -> 17.841229 | G20: =AVERAGE('base pré pandemia'!F$4:F$125) -> 45.437178 | H20: =AVERAGE('base pré pandemia'!G$4:G$125) -> 23.107853 | I20: =AVERAGE('base pré pandemia'!H$4:H$125) -> 30.441885 | J20: =AVERAGE('base pré pandemia'!I$4:I$125) -> 28.823852 | K20: =AVERAGE('base pré pandemia'!J$4:J$125) -> 21.067377 | ... M20: =AVERAGE('base pré pandemia'!L$4:L$125) -> 50.218115
C21: Máximo | D21: =MAX('base pré pandemia'!C$4:C$125) -> 68.5 | E21: =MAX('base pré pandemia'!D$4:D$125) -> 17.709999 | F21: =MAX('base pré pandemia'!E$4:E$125) -> 22.02 | G21: =MAX('base pré pandemia'!F$4:F$125) -> 55.52 | H21: =MAX('base pré pandemia'!G$4:G$125) -> 29.059999 | I21: =MAX('base pré pandemia'!H$4:H$125) -> 35.52 | J21: =MAX('base pré pandemia'!I$4:I$125) -> 30.969999 | K21: =MAX('base pré pandemia'!J$4:J$125) -> 24.549999 | ... M21: =MAX('base pré pandemia'!L$4:L$125) -> 57.360001
D25: Arezzo&Co | E25: B3 | F25: Klabin | G25: Localiza | H25: Lojas Americanas | I25: Multiplan | J25: Petrobras | K25: Rede Atacadao | L25: SulAmerica | M25: Vale
C26: Mínimo | D26: =MIN('base pós pandemia'!D$4:D$373) -> 33.029999 | E26: =MIN('base pós pandemia'!E$4:E$373) -> 10.15 | F26: =MIN('base pós pandemia'!F$4:F$373) -> 12.81 | G26: =MIN('base pós pandemia'!G$4:G$373) -> 23.309999 | H26: =MIN('base pós pandemia'!H$4:H$373) -> 5.25 | I26: =MIN('base pós pandemia'!I$4:I$373) -> 17.200001 | J26: =MIN('base pós pandemia'!J$4:J$373) -> 11.29 | K26: =MIN('base pós pandemia'!K$4:K$373) -> 17.129999 | ... M26: =MIN('base pós pandemia'!M$4:M$373) -> 34.099998
C27: Média | D27: =AVERAGE('base pós pandemia'!D$4:D$373) -> 65.43154 | E27: =AVERAGE('base pós pandemia'!E$4:E$373) -> 17.461964 | F27: =AVERAGE('base pós pandemia'!F$4:F$373) -> 24.191162 | G27: =AVERAGE('base pós pandemia'!G$4:G$373) -> 54.515432 | H27: =AVERAGE('base pós pandemia'!H$4:H$373) -> 23.775286 | I27: =AVERAGE('base pós pandemia'!I$4:I$373) -> 22.505297 | J27: =AVERAGE('base pós pandemia'!J$4:J$373) -> 23.335054 | K27: =AVERAGE('base pós pandemia'!K$4:K$373) -> 20.252649 | ... M27: =AVERAGE('base pós pandemia'!M$4:M$373) -> 78.502676
C28: Máximo | D28: =MAX('base pós pandemia'!D$4:D$373) -> 100.81 | E28: =MAX('base pós pandemia'!E$4:E$373) -> 22.466665 | F28: =MAX('base pós pandemia'!F$4:F$373) -> 31.24 | G28: =MAX('base pós pandemia'!G$4:G$373) -> 73.93 | H28: =MAX('base pós pandemia'!H$4:H$373) -> 36.517979 | I28: =MAX('base pós pandemia'!I$4:I$373) -> 32.240002 | J28: =MAX('base pós pandemia'!J$4:J$373) -> 31.120001 | K28: =MAX('base pós pandemia'!K$4:K$373) -> 23.66 | ... M28: =MAX('base pós pandemia'!M$4:M$373) -> 118.72
